{
    "parent":"mechanization:base/model_block",
    "textures": {
        "0": "minecraft:item/diamond_pickaxe",
        "1": "mechanization:base/2_plate_panel",
        "2": "mechanization:machines/quarry_top",
        "3": "mechanization:base/2_plate_panel",
        "4": "mechanization:base/2_ring"
    },
    "elements": [
        {
            "name": "Base",
            "from": [ 0.0, 0.0, 0.0 ], 
            "to": [ 16.0, 16.0, 16.0 ], 
            "faces": {
                "north": { "texture": "#1", "uv": [ 0.0, 0.0, 16.0, 16.0 ] },
                "east": { "texture": "#1", "uv": [ 0.0, 0.0, 16, 16.0 ] },
                "south": { "texture": "#1", "uv": [ 0.0, 0.0, 16.0, 16.0 ], "rotation": 90 },
                "west": { "texture": "#1", "uv": [ 0.0, 0.0, 16, 16.0 ] },
                "up": { "texture": "#2", "uv": [ 0.0, 0.0, 16.0, 16 ] },
                "down": { "texture": "#1", "uv": [ 0.0, 0.0, 16.0, 16 ] }
            }
        },
		{
            "name": "Base2",
            "from": [ 2, 2, -0.05 ], 
            "to": [ 14, 14, 16.05 ], 
            "faces": {
                "north": { "texture": "#0", "uv": [ 0.0, 0.0, 16.0, 16.0 ] },
                "south": { "texture": "#0", "uv": [ 0.0, 0.0, 16.0, 16.0 ] }
            }
        },
        {
            "name": "Ring 1",
            "from": [ -0.5, -0.5, -0.5 ], 
            "to": [ 0.5, 16.5, 0.5 ], 
            "faces": {
                "north": { "texture": "#4", "uv": [ 0.0, 0.0, 1.0, 16.0 ] },
                "east": { "texture": "#4", "uv": [ 0.0, 0.0, 1.0, 16.0 ] },
                "south": { "texture": "#4", "uv": [ 0.0, 0.0, 1.0, 16.0 ] },
                "west": { "texture": "#4", "uv": [ 0.0, 0.0, 1.0, 16.0 ] },
                "up": { "texture": "#4", "uv": [ 0.0, 0.0, 1.0, 1.0 ] },
                "down": { "texture": "#4", "uv": [ 0.0, 0.0, 1.0, 1.0 ] }
            }
        },
        {
            "name": "Ring 2",
            "from": [ 15.5, -0.5, -0.5 ], 
            "to": [ 16.5, 16.5, 0.5 ], 
            "faces": {
                "north": { "texture": "#4", "uv": [ 0.0, 0.0, 1.0, 16.0 ] },
                "east": { "texture": "#4", "uv": [ 0.0, 0.0, 1.0, 16.0 ] },
                "south": { "texture": "#4", "uv": [ 0.0, 0.0, 1.0, 16.0 ] },
                "west": { "texture": "#4", "uv": [ 0.0, 0.0, 1.0, 16.0 ] },
                "up": { "texture": "#4", "uv": [ 0.0, 0.0, 1.0, 1.0 ] },
                "down": { "texture": "#4", "uv": [ 0.0, 0.0, 1.0, 1.0 ] }
            }
        },
        {
            "name": "Ring 3",
            "from": [ 15.5, -0.5, 15.5 ], 
            "to": [ 16.5, 16.5, 16.5 ], 
            "faces": {
                "north": { "texture": "#4", "uv": [ 0.0, 0.0, 1.0, 16.0 ] },
                "east": { "texture": "#4", "uv": [ 0.0, 0.0, 1.0, 16.0 ] },
                "south": { "texture": "#4", "uv": [ 0.0, 0.0, 1.0, 16.0 ] },
                "west": { "texture": "#4", "uv": [ 0.0, 0.0, 1.0, 16.0 ] },
                "up": { "texture": "#4", "uv": [ 0.0, 0.0, 1.0, 1.0 ] },
                "down": { "texture": "#4", "uv": [ 0.0, 0.0, 1.0, 1.0 ] }
            }
        },
        {
            "name": "Ring 4",
            "from": [ -0.5, -0.5, 15.5 ], 
            "to": [ 0.5, 16.5, 16.5 ], 
            "faces": {
                "north": { "texture": "#4", "uv": [ 0.0, 0.0, 1.0, 16.0 ] },
                "east": { "texture": "#4", "uv": [ 0.0, 0.0, 1.0, 16.0 ] },
                "south": { "texture": "#4", "uv": [ 0.0, 0.0, 1.0, 16.0 ] },
                "west": { "texture": "#4", "uv": [ 0.0, 0.0, 1.0, 16.0 ] },
                "up": { "texture": "#4", "uv": [ 0.0, 0.0, 1.0, 1.0 ] },
                "down": { "texture": "#4", "uv": [ 0.0, 0.0, 1.0, 1.0 ] }
            }
        },
        {
            "name": "Ring 5",
            "from": [ 0.5, -0.5, -0.5 ], 
            "to": [ 15.5, 0.5, 0.5 ], 
            "faces": {
                "north": { "texture": "#4", "uv": [ 0.0, 0.0, 15.0, 1.0 ] },
                "south": { "texture": "#4", "uv": [ 0.0, 0.0, 15.0, 1.0 ] },
                "up": { "texture": "#4", "uv": [ 0.0, 0.0, 15.0, 1.0 ] },
                "down": { "texture": "#4", "uv": [ 0.0, 0.0, 15.0, 1.0 ] }
            }
        },
        {
            "name": "Ring 6",
            "from": [ 0.5, 15.5, -0.5 ], 
            "to": [ 15.5, 16.5, 0.5 ], 
            "faces": {
                "north": { "texture": "#4", "uv": [ 0.0, 0.0, 15.0, 1.0 ] },
                "south": { "texture": "#4", "uv": [ 0.0, 0.0, 15.0, 1.0 ] },
                "up": { "texture": "#4", "uv": [ 0.0, 0.0, 15.0, 1.0 ] },
                "down": { "texture": "#4", "uv": [ 0.0, 0.0, 15.0, 1.0 ] }
            }
        },
        {
            "name": "Ring 7",
            "from": [ 0.5, 15.5, 15.5 ], 
            "to": [ 15.5, 16.5, 16.5 ], 
            "faces": {
                "north": { "texture": "#4", "uv": [ 0.0, 0.0, 15.0, 1.0 ] },
                "south": { "texture": "#4", "uv": [ 0.0, 0.0, 15.0, 1.0 ] },
                "up": { "texture": "#4", "uv": [ 0.0, 0.0, 15.0, 1.0 ] },
                "down": { "texture": "#4", "uv": [ 0.0, 0.0, 15.0, 1.0 ] }
            }
        },
        {
            "name": "Ring 8",
            "from": [ 0.5, -0.5, 15.5 ], 
            "to": [ 15.5, 0.5, 16.5 ], 
            "faces": {
                "north": { "texture": "#4", "uv": [ 0.0, 0.0, 15.0, 1.0 ] },
                "south": { "texture": "#4", "uv": [ 0.0, 0.0, 15.0, 1.0 ] },
                "up": { "texture": "#4", "uv": [ 0.0, 0.0, 15.0, 1.0 ] },
                "down": { "texture": "#4", "uv": [ 0.0, 0.0, 15.0, 1.0 ] }
            }
        },
        {
            "name": "Ring 9",
            "from": [ -0.5, -0.5, 0.5 ], 
            "to": [ 0.5, 0.5, 15.5 ], 
            "faces": {
                "east": { "texture": "#4", "uv": [ 0.0, 0.0, 15.0, 1.0 ] },
                "west": { "texture": "#4", "uv": [ 0.0, 0.0, 15.0, 1.0 ] },
                "up": { "texture": "#4", "uv": [ 0.0, 0.0, 1.0, 15.0 ] },
                "down": { "texture": "#4", "uv": [ 0.0, 0.0, 1.0, 15.0 ] }
            }
        },
        {
            "name": "Ring 10",
            "from": [ -0.5, 15.5, 0.5 ], 
            "to": [ 0.5, 16.5, 15.5 ], 
            "faces": {
                "east": { "texture": "#4", "uv": [ 0.0, 0.0, 15.0, 1.0 ] },
                "west": { "texture": "#4", "uv": [ 0.0, 0.0, 15.0, 1.0 ] },
                "up": { "texture": "#4", "uv": [ 0.0, 0.0, 1.0, 15.0 ] },
                "down": { "texture": "#4", "uv": [ 0.0, 0.0, 1.0, 15.0 ] }
            }
        },
        {
            "name": "Ring 11",
            "from": [ 15.5, 15.5, 0.5 ], 
            "to": [ 16.5, 16.5, 15.5 ], 
            "faces": {
                "east": { "texture": "#4", "uv": [ 0.0, 0.0, 15.0, 1.0 ] },
                "west": { "texture": "#4", "uv": [ 0.0, 0.0, 15.0, 1.0 ] },
                "up": { "texture": "#4", "uv": [ 0.0, 0.0, 1.0, 15.0 ] },
                "down": { "texture": "#4", "uv": [ 0.0, 0.0, 1.0, 15.0 ] }
            }
        },
        {
            "name": "Ring 12",
            "from": [ 15.5, -0.5, 0.5 ], 
            "to": [ 16.5, 0.5, 15.5 ], 
            "faces": {
                "east": { "texture": "#4", "uv": [ 0.0, 0.0, 15.0, 1.0 ] },
                "west": { "texture": "#4", "uv": [ 0.0, 0.0, 15.0, 1.0 ] },
                "up": { "texture": "#4", "uv": [ 0.0, 0.0, 1.0, 15.0 ] },
                "down": { "texture": "#4", "uv": [ 0.0, 0.0, 1.0, 15.0 ] }
            }
        }
    ]
}