{
  "assembly.music.end_of_the_world": {
    "sounds": [
      "mechanization:assembly/music/end_of_the_world"
    ],
    "stream": true,
    "subtitle": "Disc \"End of the World\""
  },
  "assembly.music.hyperspace": {
    "sounds": [
      "mechanization:assembly/music/hyperspace"
    ],
    "stream": true,
    "subtitle": "Disc \"Hyperspace\""
  },
  "assembly.music.money_for_nothing": {
    "sounds": [
      "mechanization:assembly/music/money_for_nothing"
    ],
    "stream": true,
    "subtitle": "Disc \"Money for Nothing\""
  },
  "assembly.music.stranger_think": {
    "sounds": [
      "mechanization:assembly/music/stranger_think"
    ],
    "stream": true,
    "subtitle": "Disc \"Stranger Think\""
  },
  "assembly.music.wanderer": {
    "sounds": [
      "mechanization:assembly/music/wanderer"
    ],
    "stream": true,
    "subtitle": "Disc \"Wanderer\""
  },
  "base.battery_ambient": {
    "sounds": [
      {
        "name": "mechanization:base/battery_ambient",
        "pitch": 1.0,
        "weight": 1
      },
      {
        "name": "mechanization:base/battery_ambient",
        "pitch": 1.2,
        "weight": 1
      },
      {
        "name": "mechanization:base/battery_ambient",
        "pitch": 0.9,
        "weight": 1
      }
    ],
    "subtitle": "Battery"
  },
  "base.energy_transfer": {
    "sounds": [
      "mechanization:base/energy_transfer"
    ],
    "subtitle": "Energy Transferring"
  },
  "base.quantum_battery_ambient": {
    "sounds": [
      {
        "name": "mechanization:base/quantum_battery_ambient",
        "pitch": 0.7,
        "weight": 1
      },
      {
        "name": "mechanization:base/quantum_battery_ambient",
        "pitch": 1.3,
        "weight": 1
      },
      {
        "name": "mechanization:base/quantum_battery_ambient",
        "pitch": 1.0,
        "weight": 1
      }
    ],
    "subtitle": "Quantum Battery"
  },
  "base.wrench_break": {
    "sounds": [
      "mechanization:base/wrench_break"
    ],
    "subtitle": "Wrench Breaking Machine"
  },
  "gadgets.echo_cave": {
    "sounds": [
      "mechanization:gadgets/echo_cave"
    ],
    "subtitle": "Echo-Locater Found A Cave"
  },
  "gadgets.echo_rock": {
    "sounds": [
      "mechanization:gadgets/echo_none"
    ],
    "subtitle": "Echo-Locater Found Nothing"
  },
  "gadgets.laser_gun": {
    "sounds": [
      "mechanization:gadgets/laser_shot"
    ],
    "subtitle": "Laser Gun"
  },
  "item.armor.equip_generic": {
    "replace": true,
    "sounds": []
  },
  "machines.electric_furnace": {
    "sounds": [
      "mechanization:machines/electric_furnace"
    ],
    "subtitle": "Electric Furnace"
  },
  "machines.ender_generator": {
    "sounds": [
      {
        "name": "mechanization:machines/ender_gen",
        "pitch": 1.05,
        "weight": 1
      },
      {
        "name": "mechanization:machines/ender_gen",
        "pitch": 1.0,
        "weight": 1
      },
      {
        "name": "mechanization:machines/ender_gen",
        "pitch": 0.95,
        "weight": 1
      }
    ],
    "subtitle": "Ender Generator"
  },
  "machines.fisher": {
    "sounds": [
      "mechanization:machines/fisher"
    ],
    "subtitle": "Fisher"
  },
  "machines.grinder": {
    "sounds": [
      {
        "name": "mechanization:machines/grinder",
        "pitch": 1.05,
        "weight": 1
      },
      {
        "name": "mechanization:machines/grinder",
        "pitch": 1.0,
        "weight": 1
      },
      {
        "name": "mechanization:machines/grinder",
        "pitch": 0.95,
        "weight": 1
      }
    ],
    "subtitle": "Grinder"
  },
  "machines.reformer": {
    "sounds": [
      {
        "name": "mechanization:machines/reformer",
        "pitch": 1.05,
        "weight": 1
      },
      {
        "name": "mechanization:machines/reformer",
        "pitch": 1.0,
        "weight": 1
      },
      {
        "name": "mechanization:machines/reformer",
        "pitch": 0.95,
        "weight": 1
      }
    ],
    "subtitle": "Item Reformer"
  },
  "machines.teleporter_boom": {
    "sounds": [
      "mechanization:machines/teleporter_boom"
    ],
    "subtitle": "Teleporter Boom"
  },
  "machines.teleporter_charging": {
    "sounds": [
      "mechanization:machines/teleporter_charging"
    ],
    "subtitle": "Teleporter Charging Up"
  },
  "machines.tree_feller": {
    "sounds": [
      "mechanization:machines/tree_feller"
    ],
    "subtitle": "Tree Feller"
  },
  "nuclear.fission_reactor_active": {
    "sounds": [
      "mechanization:nuclear/fission_reactor_active"
    ],
    "subtitle": "Fission Reactor"
  },
  "nuclear.fission_reactor_explosion": {
    "sounds": [
      "mechanization:nuclear/fission_reactor_explosion"
    ],
    "subtitle": "Fission Reactor Explosion"
  },
  "nuclear.steam_boil": {
    "sounds": [
      "mechanization:nuclear/steam_boil"
    ],
    "subtitle": "Steam Hissing"
  },
  "nuclear.steam_turbine_active": {
    "sounds": [
      "mechanization:nuclear/steam_turbine_active"
    ],
    "subtitle": "Steam Turbine"
  }
}