{
  "providers": [
    {
      "ascent": 8,
      "chars": [
        ""
      ],
      "file": "minecraft:font/full_backdrop.png",
      "height": 16,
      "type": "bitmap"
    },
    {
      "ascent": 8,
      "chars": [
        ""
      ],
      "file": "minecraft:font/half_backdrop.png",
      "height": 16,
      "type": "bitmap"
    },
    {
      "ascent": 8,
      "chars": [
        ""
      ],
      "file": "minecraft:font/quarter_backdrop.png",
      "height": 16,
      "type": "bitmap"
    },
    {
      "ascent": 4,
      "chars": [
        ""
      ],
      "file": "minecraft:font/slab_backdrop.png",
      "height": 8,
      "type": "bitmap"
    },
    {
      "ascent": 8,
      "chars": [
        ""
      ],
      "file": "minecraft:font/home.png",
      "height": 16,
      "type": "bitmap"
    },
    {
      "ascent": 16,
      "chars": [
        ""
      ],
      "file": "minecraft:font/icon_block.png",
      "height": 32,
      "type": "bitmap"
    },
    {
      "ascent": 16,
      "chars": [
        ""
      ],
      "file": "minecraft:font/icon_plant.png",
      "height": 32,
      "type": "bitmap"
    },
    {
      "ascent": 16,
      "chars": [
        ""
      ],
      "file": "minecraft:font/icon_base.png",
      "height": 32,
      "type": "bitmap"
    },
    {
      "ascent": 16,
      "chars": [
        ""
      ],
      "file": "minecraft:font/icon_food.png",
      "height": 32,
      "type": "bitmap"
    },
    {
      "ascent": 16,
      "chars": [
        ""
      ],
      "file": "minecraft:font/block_dropper.png",
      "height": 32,
      "type": "bitmap"
    },
    {
      "ascent": 16,
      "chars": [
        ""
      ],
      "file": "minecraft:font/block_table.png",
      "height": 32,
      "type": "bitmap"
    },
    {
      "ascent": 16,
      "chars": [
        ""
      ],
      "file": "minecraft:font/block_glass.png",
      "height": 32,
      "type": "bitmap"
    },
    {
      "ascent": 16,
      "chars": [
        ""
      ],
      "file": "minecraft:font/block_magma.png",
      "height": 32,
      "type": "bitmap"
    },
    {
      "ascent": 16,
      "chars": [
        ""
      ],
      "file": "minecraft:font/block_cauldron.png",
      "height": 32,
      "type": "bitmap"
    },
    {
      "ascent": 16,
      "chars": [
        ""
      ],
      "file": "minecraft:font/block_piston.png",
      "height": 32,
      "type": "bitmap"
    },
    {
      "ascent": 8,
      "chars": [
        ""
      ],
      "file": "minecraft:font/block_frame_top.png",
      "height": 32,
      "type": "bitmap"
    },
    {
      "ascent": 16,
      "chars": [
        ""
      ],
      "file": "minecraft:font/block_frame_side.png",
      "height": 32,
      "type": "bitmap"
    },
    {
      "ascent": 39,
      "chars": [
        ""
      ],
      "file": "minecraft:font/book_title.png",
      "height": 74,
      "type": "bitmap"
    },
    {
      "ascent": 16,
      "chars": [
        ""
      ],
      "file": "minecraft:font/icon_index.png",
      "height": 32,
      "type": "bitmap"
    },
    {
      "ascent": 8,
      "chars": [
        ""
      ],
      "file": "minecraft:font/icon_social.png",
      "height": 16,
      "type": "bitmap"
    },
    {
      "ascent": 0,
      "chars": [
        ""
      ],
      "file": "minecraft:font/icon_blank.png",
      "height": 16,
      "type": "bitmap"
    },
    {
      "ascent": 16,
      "chars": [
        ""
      ],
      "file": "minecraft:font/icon_blend.png",
      "height": 32,
      "type": "bitmap"
    },
    {
      "ascent": 16,
      "chars": [
        ""
      ],
      "file": "minecraft:font/icon_board.png",
      "height": 32,
      "type": "bitmap"
    },
    {
      "ascent": 16,
      "chars": [
        ""
      ],
      "file": "minecraft:font/icon_grill.png",
      "height": 32,
      "type": "bitmap"
    },
    {
      "ascent": 16,
      "chars": [
        ""
      ],
      "file": "minecraft:font/icon_brew.png",
      "height": 32,
      "type": "bitmap"
    },
    {
      "ascent": 16,
      "chars": [
        ""
      ],
      "file": "minecraft:font/icon_crux.png",
      "height": 32,
      "type": "bitmap"
    },
    {
      "ascent": 16,
      "chars": [
        ""
      ],
      "file": "minecraft:font/icon_crush.png",
      "height": 32,
      "type": "bitmap"
    },
    {
      "ascent": 8,
      "chars": [
        "",
        "",
        ""
      ],
      "file": "mechanization:gadgets/gui/heat_bar.png",
      "height": 10,
      "type": "bitmap"
    },
    {
      "ascent": 8,
      "chars": [
        ""
      ],
      "file": "mechanization:base/manual/return_arrow.png",
      "height": 10,
      "type": "bitmap"
    },
    {
      "ascent": 28,
      "chars": [
        ""
      ],
      "file": "mechanization:base/manual/energy_relay.png",
      "height": 56,
      "type": "bitmap"
    },
    {
      "ascent": 28,
      "chars": [
        ""
      ],
      "file": "mechanization:base/manual/mech_logo.png",
      "height": 56,
      "type": "bitmap"
    },
    {
      "ascent": 28,
      "chars": [
        ""
      ],
      "file": "mechanization:base/manual/machine_crafting_table_recipe.png",
      "height": 56,
      "type": "bitmap"
    },
    {
      "ascent": 14,
      "chars": [
        "",
        ""
      ],
      "file": "mechanization:base/manual/ores.png",
      "height": 56,
      "type": "bitmap"
    },
    {
      "ascent": 28,
      "chars": [
        ""
      ],
      "file": "mechanization:base/manual/wrench_recipe.png",
      "height": 56,
      "type": "bitmap"
    },
    {
      "ascent": 28,
      "chars": [
        ""
      ],
      "file": "mechanization:base/manual/multimeter_recipe.png",
      "height": 56,
      "type": "bitmap"
    },
    {
      "ascent": 28,
      "chars": [
        "",
        ""
      ],
      "file": "mechanization:base/manual/battery_recipes.png",
      "height": 56,
      "type": "bitmap"
    },
    {
      "ascent": 28,
      "chars": [
        "",
        ""
      ],
      "file": "mechanization:base/manual/upgrade_recipes.png",
      "height": 56,
      "type": "bitmap"
    },
    {
      "ascent": 28,
      "chars": [
        ""
      ],
      "file": "mechanization:base/manual/machine_frames.png",
      "height": 56,
      "type": "bitmap"
    },
    {
      "ascent": 28,
      "chars": [
        ""
      ],
      "file": "mechanization:base/manual/alloy_furnace.png",
      "height": 56,
      "type": "bitmap"
    },
    {
      "ascent": 28,
      "chars": [
        "",
        ""
      ],
      "file": "mechanization:base/manual/tier_2_alloys.png",
      "height": 56,
      "type": "bitmap"
    },
    {
      "ascent": 28,
      "chars": [
        "",
        ""
      ],
      "file": "mechanization:base/manual/tier_3_alloys.png",
      "height": 56,
      "type": "bitmap"
    },
    {
      "ascent": 28,
      "chars": [
        ""
      ],
      "file": "mechanization:base/manual/nether_alloy.png",
      "height": 56,
      "type": "bitmap"
    },
    {
      "ascent": 28,
      "chars": [
        ""
      ],
      "file": "mechanization:base/manual/furnace_generator.png",
      "height": 56,
      "type": "bitmap"
    },
    {
      "ascent": 28,
      "chars": [
        ""
      ],
      "file": "mechanization:base/manual/electric_furnace.png",
      "height": 56,
      "type": "bitmap"
    },
    {
      "ascent": 28,
      "chars": [
        ""
      ],
      "file": "mechanization:base/manual/grinder.png",
      "height": 56,
      "type": "bitmap"
    },
    {
      "ascent": 28,
      "chars": [
        ""
      ],
      "file": "mechanization:base/manual/tree_feller.png",
      "height": 56,
      "type": "bitmap"
    },
    {
      "ascent": 28,
      "chars": [
        ""
      ],
      "file": "mechanization:base/manual/block_breaker.png",
      "height": 56,
      "type": "bitmap"
    },
    {
      "ascent": 28,
      "chars": [
        ""
      ],
      "file": "mechanization:base/manual/growth_accelerator.png",
      "height": 56,
      "type": "bitmap"
    },
    {
      "ascent": 28,
      "chars": [
        ""
      ],
      "file": "mechanization:base/manual/solar_panel.png",
      "height": 56,
      "type": "bitmap"
    },
    {
      "ascent": 28,
      "chars": [
        ""
      ],
      "file": "mechanization:base/manual/bio-generator.png",
      "height": 56,
      "type": "bitmap"
    },
    {
      "ascent": 28,
      "chars": [
        ""
      ],
      "file": "mechanization:base/manual/quarry.png",
      "height": 56,
      "type": "bitmap"
    },
    {
      "ascent": 20,
      "chars": [
        ""
      ],
      "file": "mechanization:base/manual/quarry_setup.png",
      "height": 110,
      "type": "bitmap"
    },
    {
      "ascent": 28,
      "chars": [
        ""
      ],
      "file": "mechanization:base/manual/auto_farm.png",
      "height": 56,
      "type": "bitmap"
    },
    {
      "ascent": 28,
      "chars": [
        ""
      ],
      "file": "mechanization:base/manual/auto_fisher.png",
      "height": 56,
      "type": "bitmap"
    },
    {
      "ascent": 28,
      "chars": [
        ""
      ],
      "file": "mechanization:base/manual/item_reformer.png",
      "height": 56,
      "type": "bitmap"
    },
    {
      "ascent": 28,
      "chars": [
        ""
      ],
      "file": "mechanization:base/manual/mob_grinder.png",
      "height": 56,
      "type": "bitmap"
    },
    {
      "ascent": 28,
      "chars": [
        ""
      ],
      "file": "mechanization:base/manual/lava_fabricator.png",
      "height": 56,
      "type": "bitmap"
    },
    {
      "ascent": 28,
      "chars": [
        ""
      ],
      "file": "mechanization:base/manual/super_piston.png",
      "height": 56,
      "type": "bitmap"
    },
    {
      "ascent": 28,
      "chars": [
        ""
      ],
      "file": "mechanization:base/manual/super_sticky_piston.png",
      "height": 56,
      "type": "bitmap"
    },
    {
      "ascent": 28,
      "chars": [
        ""
      ],
      "file": "mechanization:base/manual/turn_table.png",
      "height": 56,
      "type": "bitmap"
    },
    {
      "ascent": 28,
      "chars": [
        ""
      ],
      "file": "mechanization:base/manual/dimensional_generator.png",
      "height": 56,
      "type": "bitmap"
    },
    {
      "ascent": 28,
      "chars": [
        ""
      ],
      "file": "mechanization:base/manual/disenchanter.png",
      "height": 56,
      "type": "bitmap"
    },
    {
      "ascent": 28,
      "chars": [
        ""
      ],
      "file": "mechanization:base/manual/teleporter.png",
      "height": 56,
      "type": "bitmap"
    },
    {
      "ascent": 28,
      "chars": [
        ""
      ],
      "file": "mechanization:base/manual/spawner_controller.png",
      "height": 56,
      "type": "bitmap"
    },
    {
      "ascent": 28,
      "chars": [
        ""
      ],
      "file": "mechanization:base/manual/spawner_mover.png",
      "height": 56,
      "type": "bitmap"
    },
    {
      "ascent": 28,
      "chars": [
        ""
      ],
      "file": "mechanization:base/manual/uranium_fuel_rod.png",
      "height": 56,
      "type": "bitmap"
    },
    {
      "ascent": 28,
      "chars": [
        ""
      ],
      "file": "mechanization:base/manual/centrifuge.png",
      "height": 56,
      "type": "bitmap"
    },
    {
      "ascent": 28,
      "chars": [
        ""
      ],
      "file": "mechanization:base/manual/control_rod.png",
      "height": 56,
      "type": "bitmap"
    },
    {
      "ascent": 28,
      "chars": [
        ""
      ],
      "file": "mechanization:base/manual/temperature_observer.png",
      "height": 56,
      "type": "bitmap"
    },
    {
      "ascent": 28,
      "chars": [
        ""
      ],
      "file": "mechanization:base/manual/reaction_rate_observer.png",
      "height": 56,
      "type": "bitmap"
    },
    {
      "ascent": 28,
      "chars": [
        ""
      ],
      "file": "mechanization:base/manual/steam_turbine.png",
      "height": 56,
      "type": "bitmap"
    },
    {
      "ascent": 28,
      "chars": [
        ""
      ],
      "file": "mechanization:base/manual/fission_reactor.png",
      "height": 56,
      "type": "bitmap"
    },
    {
      "ascent": 28,
      "chars": [
        ""
      ],
      "file": "mechanization:base/manual/cooling_unit.png",
      "height": 56,
      "type": "bitmap"
    },
    {
      "ascent": 28,
      "chars": [
        ""
      ],
      "file": "mechanization:base/manual/charging_station.png",
      "height": 56,
      "type": "bitmap"
    },
    {
      "ascent": 28,
      "chars": [
        ""
      ],
      "file": "mechanization:base/manual/portable_battery.png",
      "height": 56,
      "type": "bitmap"
    },
    {
      "ascent": 28,
      "chars": [
        ""
      ],
      "file": "mechanization:base/manual/tinker_table.png",
      "height": 56,
      "type": "bitmap"
    },
    {
      "ascent": 28,
      "chars": [
        ""
      ],
      "file": "mechanization:base/manual/xp_tank.png",
      "height": 56,
      "type": "bitmap"
    },
    {
      "ascent": 28,
      "chars": [
        ""
      ],
      "file": "mechanization:base/manual/titanium_sword.png",
      "height": 56,
      "type": "bitmap"
    },
    {
      "ascent": 28,
      "chars": [
        ""
      ],
      "file": "mechanization:base/manual/weapon_upgrades_1.png",
      "height": 92,
      "type": "bitmap"
    },
    {
      "ascent": 28,
      "chars": [
        ""
      ],
      "file": "mechanization:base/manual/weapon_upgrades_2.png",
      "height": 92,
      "type": "bitmap"
    },
    {
      "ascent": 28,
      "chars": [
        ""
      ],
      "file": "mechanization:base/manual/titanium_tools.png",
      "height": 92,
      "type": "bitmap"
    },
    {
      "ascent": 28,
      "chars": [
        ""
      ],
      "file": "mechanization:base/manual/tool_upgrades_1.png",
      "height": 92,
      "type": "bitmap"
    },
    {
      "ascent": 28,
      "chars": [
        ""
      ],
      "file": "mechanization:base/manual/tool_upgrades_2.png",
      "height": 92,
      "type": "bitmap"
    },
    {
      "ascent": 28,
      "chars": [
        ""
      ],
      "file": "mechanization:base/manual/titanium_armor.png",
      "height": 92,
      "type": "bitmap"
    },
    {
      "ascent": 28,
      "chars": [
        ""
      ],
      "file": "mechanization:base/manual/armor_upgrades_1.png",
      "height": 92,
      "type": "bitmap"
    },
    {
      "ascent": 28,
      "chars": [
        ""
      ],
      "file": "mechanization:base/manual/armor_upgrades_2.png",
      "height": 92,
      "type": "bitmap"
    },
    {
      "ascent": 28,
      "chars": [
        ""
      ],
      "file": "mechanization:base/manual/armor_upgrades_3.png",
      "height": 92,
      "type": "bitmap"
    },
    {
      "ascent": 28,
      "chars": [
        ""
      ],
      "file": "mechanization:base/manual/gun_parts.png",
      "height": 92,
      "type": "bitmap"
    },
    {
      "ascent": 28,
      "chars": [
        ""
      ],
      "file": "mechanization:base/manual/guns.png",
      "height": 92,
      "type": "bitmap"
    },
    {
      "ascent": 28,
      "chars": [
        ""
      ],
      "file": "mechanization:base/manual/gun_upgrades.png",
      "height": 92,
      "type": "bitmap"
    },
    {
      "ascent": 28,
      "chars": [
        ""
      ],
      "file": "mechanization:base/manual/compresser.png",
      "height": 56,
      "type": "bitmap"
    },
    {
      "ascent": 28,
      "chars": [
        ""
      ],
      "file": "mechanization:base/manual/decompresser.png",
      "height": 56,
      "type": "bitmap"
    },
    {
      "ascent": 28,
      "chars": [
        ""
      ],
      "file": "mechanization:base/manual/stone_cutter.png",
      "height": 56,
      "type": "bitmap"
    },
    {
      "ascent": 28,
      "chars": [
        ""
      ],
      "file": "mechanization:base/manual/dye_machine.png",
      "height": 56,
      "type": "bitmap"
    },
    {
      "ascent": 28,
      "chars": [
        ""
      ],
      "file": "mechanization:base/manual/fast_hopper.png",
      "height": 56,
      "type": "bitmap"
    },
    {
      "ascent": 28,
      "chars": [
        ""
      ],
      "file": "mechanization:base/manual/ender_hopper.png",
      "height": 56,
      "type": "bitmap"
    },
    {
      "ascent": 28,
      "chars": [
        ""
      ],
      "file": "mechanization:base/manual/item_transmitter.png",
      "height": 56,
      "type": "bitmap"
    },
    {
      "ascent": 28,
      "chars": [
        ""
      ],
      "file": "mechanization:base/manual/item_receiver.png",
      "height": 56,
      "type": "bitmap"
    },
    {
      "ascent": 28,
      "chars": [
        ""
      ],
      "file": "mechanization:base/manual/item_filter.png",
      "height": 56,
      "type": "bitmap"
    },
    {
      "ascent": 28,
      "chars": [
        ""
      ],
      "file": "mechanization:base/manual/unlimited_storage_unit.png",
      "height": 56,
      "type": "bitmap"
    },
    {
      "ascent": 28,
      "chars": [
        ""
      ],
      "file": "mechanization:base/manual/auto_jukebox.png",
      "height": 56,
      "type": "bitmap"
    }
  ]
}