{
	"credit": "Made with Blockbench",
	"textures": {
		"0": "rpt/block/blender",
		"particle": "rpt/block/blender"
	},
	"elements": [
		{
			"from": [7.5, 0, 7.5],
			"to": [8.5, 21, 8.5],
			"faces": {
				"north": {"uv": [1.5, 0.5, 2, 11], "texture": "#0"},
				"east": {"uv": [1, 0.5, 1.5, 11], "texture": "#0"},
				"south": {"uv": [0, 0.5, 0.5, 11], "rotation": 180, "texture": "#0"},
				"west": {"uv": [0.5, 0.5, 1, 11], "texture": "#0"},
				"up": {"uv": [0, 0, 0.5, 0.5], "texture": "#0"},
				"down": {"uv": [0, 0, 0.5, 0.5], "texture": "#0"}
			}
		},
		{
			"from": [7.5, 18, 2],
			"to": [8.5, 19, 14],
			"rotation": {"angle": 45, "axis": "y", "origin": [8, 21.5, 8]},
			"faces": {
				"north": {"uv": [0.5, 0, 1, 0.5], "texture": "#0"},
				"east": {"uv": [1, 0, 1.5, 6], "rotation": 90, "texture": "#0"},
				"south": {"uv": [0, 0, 0.5, 0.5], "texture": "#0"},
				"west": {"uv": [1.5, 0, 2, 6], "rotation": 90, "texture": "#0"},
				"up": {"uv": [0, 0, 0.5, 6], "texture": "#0"},
				"down": {"uv": [0.5, 0, 1, 6], "texture": "#0"}
			}
		},
		{
			"from": [7.5, 18, 2],
			"to": [8.5, 19, 14],
			"rotation": {"angle": -45, "axis": "y", "origin": [8, 21.5, 8]},
			"faces": {
				"north": {"uv": [0, 15, 0.5, 15.5], "texture": "#0"},
				"east": {"uv": [1, 8, 1.5, 14], "rotation": 90, "texture": "#0"},
				"south": {"uv": [0.5, 15.5, 1, 16], "texture": "#0"},
				"west": {"uv": [1.5, 8, 2, 14], "rotation": 90, "texture": "#0"},
				"up": {"uv": [0, 8, 0.5, 14], "texture": "#0"},
				"down": {"uv": [0.5, 8, 1, 14], "texture": "#0"}
			}
		},
		{
			"from": [6, 0, 6],
			"to": [10, 1, 10],
			"faces": {
				"north": {"uv": [4.5, 0, 5, 2], "rotation": 90, "texture": "#0"},
				"east": {"uv": [7.5, 0, 8, 2], "rotation": 90, "texture": "#0"},
				"south": {"uv": [5.5, 0, 6, 2], "rotation": 90, "texture": "#0"},
				"west": {"uv": [6.5, 0, 7, 2], "rotation": 90, "texture": "#0"},
				"up": {"uv": [2, 0, 4, 2], "texture": "#0"},
				"down": {"uv": [2, 0, 4, 2], "texture": "#0"}
			}
		},
		{
			"from": [6, -0.5, 5.5],
			"to": [8, 3.5, 5.5],
			"rotation": {"angle": -45, "axis": "x", "origin": [6.5, 0.5, 5.5]},
			"faces": {
				"north": {"uv": [2, 2.5, 3, 4.5], "texture": "#0"},
				"east": {"uv": [0, 0, 0, 4], "texture": "#missing"},
				"south": {"uv": [2, 5, 3, 7], "texture": "#0"},
				"west": {"uv": [0, 0, 0, 4], "texture": "#missing"},
				"up": {"uv": [0, 0, 2, 0], "texture": "#missing"},
				"down": {"uv": [0, 0, 2, 0], "texture": "#missing"}
			}
		},
		{
			"from": [5.5, -0.5, 8],
			"to": [5.5, 3.5, 10],
			"rotation": {"angle": 45, "axis": "z", "origin": [5.5, 0.5, 9.5]},
			"faces": {
				"north": {"uv": [3.5, 2.5, 4.5, 4.5], "texture": "#0"},
				"east": {"uv": [3.5, 2.5, 4.5, 4.5], "texture": "#0"},
				"south": {"uv": [0, 0, 0, 4], "texture": "#missing"},
				"west": {"uv": [3.5, 5, 4.5, 7], "texture": "#0"},
				"up": {"uv": [0, 0, 0, 2], "texture": "#missing"},
				"down": {"uv": [0, 0, 0, 2], "texture": "#missing"}
			}
		},
		{
			"from": [8, -0.5, 10.5],
			"to": [10, 3.5, 10.5],
			"rotation": {"angle": 45, "axis": "x", "origin": [8.5, 0.5, 10.5]},
			"faces": {
				"north": {"uv": [5, 2.5, 6, 4.5], "texture": "#0"},
				"east": {"uv": [0, 0, 0, 4], "texture": "#missing"},
				"south": {"uv": [5, 5, 6, 7], "texture": "#0"},
				"west": {"uv": [6, 0, 6, 4], "texture": "#0"},
				"up": {"uv": [0, 0, 2, 0], "texture": "#missing"},
				"down": {"uv": [0, 0, 2, 0], "texture": "#missing"}
			}
		},
		{
			"from": [9.5, 0.5, 6],
			"to": [13.5, 0.5, 8],
			"rotation": {"angle": 45, "axis": "z", "origin": [10.5, 0.5, 7]},
			"faces": {
				"north": {"uv": [0, 0, 4, 0], "texture": "#missing"},
				"east": {"uv": [0, 0, 2, 0], "texture": "#missing"},
				"south": {"uv": [0, 0, 4, 0], "texture": "#missing"},
				"west": {"uv": [0, 0, 2, 0], "texture": "#missing"},
				"up": {"uv": [6.5, 2.5, 7.5, 4.5], "rotation": 90, "texture": "#0"},
				"down": {"uv": [6.5, 5, 7.5, 7], "rotation": 90, "texture": "#0"}
			}
		}
	],
    "display": {
        "fixed": {"rotation":[-90,0,0],"translation":[0,0,18],"scale":[2,2,2]}
    }
}