{
    "parent": "item/generated",
    "textures": {
        "layer0": "item/armor_stand"
    },
    "overrides": [
        {
            "predicate": {
                "custom_model_data": 1
            },
            "model": "origami-games:launch/item/synthesiser"
        },
        {
            "predicate": {
                "custom_model_data": 2
            },
            "model": "origami-games:launch/item/light_bridge"
        },
        {
            "predicate": {
                "custom_model_data": 3
            },
            "model": "origami-games:launch/item/titanium_plating"
        },
        {
            "predicate": {
                "custom_model_data": 4
            },
            "model": "origami-games:launch/item/magnetite_ore"
        },
        {
            "predicate": {
                "custom_model_data": 5
            },
            "model": "origami-games:launch/item/gravity_pad"
        },
        {
            "predicate": {
                "custom_model_data": 6
            },
            "model": "origami-games:launch/item/disenchanter"
        },
        {
            "predicate": {
                "custom_model_data": 7
            },
            "model": "origami-games:launch/item/bonsai_pot"
        },
        {
            "predicate": {
                "custom_model_data": 8
            },
            "model": "origami-games:launch/block/bonsai_pot_part_filled"
        },
        {
            "predicate": {
                "custom_model_data": 9
            },
            "model": "origami-games:launch/block/bonsai_pot_filled"
        }
    ]
}
