{
    "parent": "block/blast_furnace",
    "overrides": [
		{ "predicate": { "custom_model_data": 6421000 }, "model": "mechanization:base/battery_t1_0" },
		{ "predicate": { "custom_model_data": 6421001 }, "model": "mechanization:base/battery_t1_1" },
		{ "predicate": { "custom_model_data": 6421002 }, "model": "mechanization:base/battery_t1_2" },
		{ "predicate": { "custom_model_data": 6421003 }, "model": "mechanization:base/battery_t1_3" },
		{ "predicate": { "custom_model_data": 6421004 }, "model": "mechanization:base/battery_t1_4" },
		{ "predicate": { "custom_model_data": 6421005 }, "model": "mechanization:base/battery_t1_5" },
		{ "predicate": { "custom_model_data": 6421006 }, "model": "mechanization:base/battery_t1_6" },
		{ "predicate": { "custom_model_data": 6421007 }, "model": "mechanization:base/battery_t1_7" },
		{ "predicate": { "custom_model_data": 6421008 }, "model": "mechanization:base/battery_t1_8" },
		{ "predicate": { "custom_model_data": 6421009 }, "model": "mechanization:base/battery_t2_0" },
		{ "predicate": { "custom_model_data": 6421010 }, "model": "mechanization:base/battery_t2_1" },
		{ "predicate": { "custom_model_data": 6421011 }, "model": "mechanization:base/battery_t2_2" },
		{ "predicate": { "custom_model_data": 6421012 }, "model": "mechanization:base/battery_t2_3" },
		{ "predicate": { "custom_model_data": 6421013 }, "model": "mechanization:base/battery_t2_4" },
		{ "predicate": { "custom_model_data": 6421014 }, "model": "mechanization:base/battery_t2_5" },
		{ "predicate": { "custom_model_data": 6421015 }, "model": "mechanization:base/battery_t2_6" },
		{ "predicate": { "custom_model_data": 6421016 }, "model": "mechanization:base/battery_t2_7" },
		{ "predicate": { "custom_model_data": 6421017 }, "model": "mechanization:base/battery_t2_8" },
		{ "predicate": { "custom_model_data": 6421018 }, "model": "mechanization:base/battery_t3_0" },
		{ "predicate": { "custom_model_data": 6421019 }, "model": "mechanization:base/battery_t3_1" },
		{ "predicate": { "custom_model_data": 6421020 }, "model": "mechanization:base/battery_t3_2" },
		{ "predicate": { "custom_model_data": 6421021 }, "model": "mechanization:base/battery_t3_3" },
		{ "predicate": { "custom_model_data": 6421022 }, "model": "mechanization:base/battery_t3_4" },
		{ "predicate": { "custom_model_data": 6421023 }, "model": "mechanization:base/battery_t3_5" },
		{ "predicate": { "custom_model_data": 6421024 }, "model": "mechanization:base/battery_t3_6" },
		{ "predicate": { "custom_model_data": 6421025 }, "model": "mechanization:base/battery_t3_7" },
		{ "predicate": { "custom_model_data": 6421026 }, "model": "mechanization:base/battery_t3_8" },
		{ "predicate": { "custom_model_data": 6421027 }, "model": "mechanization:base/battery_qu_0" },
		{ "predicate": { "custom_model_data": 6421028 }, "model": "mechanization:base/battery_qu_1" },
		{ "predicate": { "custom_model_data": 6421029 }, "model": "mechanization:base/battery_qu_2" },
		{ "predicate": { "custom_model_data": 6421030 }, "model": "mechanization:base/battery_qu_3" },
		{ "predicate": { "custom_model_data": 6421031 }, "model": "mechanization:base/battery_qu_4" },
		{ "predicate": { "custom_model_data": 6421032 }, "model": "mechanization:base/battery_qu_5" },
		{ "predicate": { "custom_model_data": 6421033 }, "model": "mechanization:base/battery_qu_6" },
		{ "predicate": { "custom_model_data": 6421034 }, "model": "mechanization:base/battery_qu_7" },
		{ "predicate": { "custom_model_data": 6421035 }, "model": "mechanization:base/battery_qu_8" },
		{ "predicate": { "custom_model_data": 6421036 }, "model": "mechanization:base/energy_relay" },
		{ "predicate": { "custom_model_data": 6421037 }, "model": "mechanization:base/machine_crafter" },
		
		{ "predicate": { "custom_model_data": 6421300 }, "model": "mechanization:base/resources/copper_ore" },
		{ "predicate": { "custom_model_data": 6421304 }, "model": "mechanization:base/resources/copper_block" },
		{ "predicate": { "custom_model_data": 6421310 }, "model": "mechanization:base/resources/tin_ore" },
		{ "predicate": { "custom_model_data": 6421314 }, "model": "mechanization:base/resources/tin_block" },
		{ "predicate": { "custom_model_data": 6421320 }, "model": "mechanization:base/resources/titanium_ore" },
		{ "predicate": { "custom_model_data": 6421324 }, "model": "mechanization:base/resources/titanium_block" },
		{ "predicate": { "custom_model_data": 6421333 }, "model": "mechanization:base/resources/steel_block" },
		{ "predicate": { "custom_model_data": 6421343 }, "model": "mechanization:base/resources/structural_block" },
		{ "predicate": { "custom_model_data": 6421353 }, "model": "mechanization:base/resources/conductive_block" },
		{ "predicate": { "custom_model_data": 6421363 }, "model": "mechanization:base/resources/titanium_steel_block" },
		{ "predicate": { "custom_model_data": 6421373 }, "model": "mechanization:base/resources/reinforced_structural_block" },
		{ "predicate": { "custom_model_data": 6421383 }, "model": "mechanization:base/resources/super_conductive_block" },
		{ "predicate": { "custom_model_data": 6421393 }, "model": "mechanization:base/resources/ender_alloy_block" },
		{ "predicate": { "custom_model_data": 6421403 }, "model": "mechanization:base/resources/nether_alloy_block" },
		{ "predicate": { "custom_model_data": 6421411 }, "model": "mechanization:base/resources/crystal_block" },
		{ "predicate": { "custom_model_data": 6421415 }, "model": "mechanization:base/resources/tier_1_machine_frame" },
		{ "predicate": { "custom_model_data": 6421416 }, "model": "mechanization:base/resources/tier_2_machine_frame" },
		{ "predicate": { "custom_model_data": 6421417 }, "model": "mechanization:base/resources/tier_3_machine_frame" },
		{ "predicate": { "custom_model_data": 6421430 }, "model": "mechanization:base/resources/uranium_ore" },
		{ "predicate": { "custom_model_data": 6421434 }, "model": "mechanization:base/resources/uranium_block" },
		{ "predicate": { "custom_model_data": 6421443 }, "model": "mechanization:base/resources/plutonium_block" },
		
		
		
		{ "predicate": { "custom_model_data": 6422000 }, "model": "mechanization:machines/alloy_furnace_off" },
		{ "predicate": { "custom_model_data": 6422001 }, "model": "mechanization:machines/furnace_generator_off" },
		{ "predicate": { "custom_model_data": 6422002 }, "model": "mechanization:machines/tree_feller_item" },
		{ "predicate": { "custom_model_data": 6422003 }, "model": "mechanization:machines/electric_furnace_off" },
		{ "predicate": { "custom_model_data": 6422004 }, "model": "mechanization:machines/growth_accelerator" },
		{ "predicate": { "custom_model_data": 6422005 }, "model": "mechanization:machines/auto_farm" },
		{ "predicate": { "custom_model_data": 6422006 }, "model": "mechanization:machines/auto_fisher" },
		{ "predicate": { "custom_model_data": 6422007 }, "model": "mechanization:machines/bio_generator_off" },
		{ "predicate": { "custom_model_data": 6422008 }, "model": "mechanization:machines/block_breaker" },
		{ "predicate": { "custom_model_data": 6422009 }, "model": "mechanization:machines/grinder_off" },
		{ "predicate": { "custom_model_data": 6422010 }, "model": "mechanization:machines/item_reformer" },
		{ "predicate": { "custom_model_data": 6422011 }, "model": "mechanization:machines/lava_fabricator" },
		{ "predicate": { "custom_model_data": 6422012 }, "model": "mechanization:machines/mob_grinder" },
		{ "predicate": { "custom_model_data": 6422013 }, "model": "mechanization:machines/quarry" },
		{ "predicate": { "custom_model_data": 6422014 }, "model": "mechanization:machines/solar_item" },
		{ "predicate": { "custom_model_data": 6422015 }, "model": "mechanization:machines/dimensional_generator_off" },
		{ "predicate": { "custom_model_data": 6422016 }, "model": "mechanization:machines/disenchanter" },
		{ "predicate": { "custom_model_data": 6422017 }, "model": "mechanization:machines/teleporter" },
		{ "predicate": { "custom_model_data": 6422018 }, "model": "mechanization:machines/teleporter" },
		{ "predicate": { "custom_model_data": 6422019 }, "model": "mechanization:machines/teleporter" },
		{ "predicate": { "custom_model_data": 6422020 }, "model": "mechanization:machines/super_piston" },
		{ "predicate": { "custom_model_data": 6422021 }, "model": "mechanization:machines/super_sticky_piston" },
		{ "predicate": { "custom_model_data": 6422022 }, "model": "mechanization:machines/turn_table" },
		
		{ "predicate": { "custom_model_data": 6422901 }, "model": "mechanization:machines/alloy_furnace_on" },
		{ "predicate": { "custom_model_data": 6422902 }, "model": "mechanization:machines/furnace_generator_on" },
		{ "predicate": { "custom_model_data": 6422903 }, "model": "mechanization:machines/tree_feller_base" },
		{ "predicate": { "custom_model_data": 6422904 }, "model": "mechanization:machines/tree_feller_model" },
		{ "predicate": { "custom_model_data": 6422905 }, "model": "mechanization:machines/electric_furnace_on" },
		{ "predicate": { "custom_model_data": 6422906 }, "model": "mechanization:machines/bio_generator_on" },
		{ "predicate": { "custom_model_data": 6422907 }, "model": "mechanization:machines/grinder_on" },
		{ "predicate": { "custom_model_data": 6422908 }, "model": "mechanization:machines/solar_base" },
		{ "predicate": { "custom_model_data": 6422909 }, "model": "mechanization:machines/solar_model" },
		{ "predicate": { "custom_model_data": 6422910 }, "model": "mechanization:machines/solar_lunar_model" },
		{ "predicate": { "custom_model_data": 6422911 }, "model": "mechanization:machines/dimensional_generator_on" },
		{ "predicate": { "custom_model_data": 6422912 }, "model": "mechanization:machines/super_piston_extended" },
		{ "predicate": { "custom_model_data": 6422913 }, "model": "mechanization:machines/super_piston_up" },
		{ "predicate": { "custom_model_data": 6422914 }, "model": "mechanization:machines/super_piston_up_extended" },
		{ "predicate": { "custom_model_data": 6422915 }, "model": "mechanization:machines/super_piston_down" },
		{ "predicate": { "custom_model_data": 6422916 }, "model": "mechanization:machines/super_piston_down_extended" },
		{ "predicate": { "custom_model_data": 6422917 }, "model": "mechanization:machines/super_sticky_piston_extended" },
		{ "predicate": { "custom_model_data": 6422918 }, "model": "mechanization:machines/super_sticky_piston_up" },
		{ "predicate": { "custom_model_data": 6422919 }, "model": "mechanization:machines/super_sticky_piston_up_extended" },
		{ "predicate": { "custom_model_data": 6422920 }, "model": "mechanization:machines/super_sticky_piston_down" },
		{ "predicate": { "custom_model_data": 6422921 }, "model": "mechanization:machines/super_sticky_piston_down_extended" },
		
		
		
		{ "predicate": { "custom_model_data": 6423000 }, "model": "mechanization:nuclear/centrifuge_item" },
		{ "predicate": { "custom_model_data": 6423001 }, "model": "mechanization:nuclear/control_rod" },
		{ "predicate": { "custom_model_data": 6423002 }, "model": "mechanization:nuclear/fission_reactor" },
		{ "predicate": { "custom_model_data": 6423003 }, "model": "mechanization:nuclear/rate_observer" },
		{ "predicate": { "custom_model_data": 6423004 }, "model": "mechanization:nuclear/steam_turbine_item" },
		{ "predicate": { "custom_model_data": 6423005 }, "model": "mechanization:nuclear/temp_observer" },
		
		{ "predicate": { "custom_model_data": 6423200 }, "model": "mechanization:nuclear/centrifuge_base" },
		{ "predicate": { "custom_model_data": 6423201 }, "model": "mechanization:nuclear/centrifuge_model" },
		{ "predicate": { "custom_model_data": 6423202 }, "model": "mechanization:nuclear/control_rod_up" },
		{ "predicate": { "custom_model_data": 6423203 }, "model": "mechanization:nuclear/fission_reactor_uranium" },
		{ "predicate": { "custom_model_data": 6423204 }, "model": "mechanization:nuclear/fission_reactor_plutonium" },
		{ "predicate": { "custom_model_data": 6423205 }, "model": "mechanization:nuclear/steam_turbine_base" },
		{ "predicate": { "custom_model_data": 6423206 }, "model": "mechanization:nuclear/steam_turbine_model" },
		
		
		
		{ "predicate": { "custom_model_data": 6424000 }, "model": "mechanization:gadgets/charging_station" },
		{ "predicate": { "custom_model_data": 6424001 }, "model": "mechanization:gadgets/tinker_table" },
		{ "predicate": { "custom_model_data": 6424002 }, "model": "mechanization:gadgets/xp_tank_item" },
		{ "predicate": { "custom_model_data": 6424003 }, "model": "mechanization:gadgets/xp_tank_0" },
		{ "predicate": { "custom_model_data": 6424004 }, "model": "mechanization:gadgets/xp_tank_1" },
		{ "predicate": { "custom_model_data": 6424005 }, "model": "mechanization:gadgets/xp_tank_2" },
		{ "predicate": { "custom_model_data": 6424006 }, "model": "mechanization:gadgets/xp_tank_3" },
		{ "predicate": { "custom_model_data": 6424007 }, "model": "mechanization:gadgets/xp_tank_4" },
		{ "predicate": { "custom_model_data": 6424008 }, "model": "mechanization:gadgets/xp_tank_5" },
		{ "predicate": { "custom_model_data": 6424009 }, "model": "mechanization:gadgets/xp_tank_6" },
		{ "predicate": { "custom_model_data": 6424010 }, "model": "mechanization:gadgets/xp_tank_7" },
		{ "predicate": { "custom_model_data": 6424011 }, "model": "mechanization:gadgets/xp_tank_8" },
		
		
		
		{ "predicate": { "custom_model_data": 6425000 }, "model": "mechanization:assembly/compressor" },
		{ "predicate": { "custom_model_data": 6425001 }, "model": "mechanization:assembly/decompressor" },
		{ "predicate": { "custom_model_data": 6425002 }, "model": "mechanization:assembly/stone_cutter" },
		{ "predicate": { "custom_model_data": 6425003 }, "model": "mechanization:assembly/dye_machine" },
		{ "predicate": { "custom_model_data": 6425004 }, "model": "mechanization:assembly/ender_hopper" },
		{ "predicate": { "custom_model_data": 6425005 }, "model": "mechanization:assembly/speed_hopper" },
		{ "predicate": { "custom_model_data": 6425006 }, "model": "mechanization:assembly/auto_jukebox" },
		{ "predicate": { "custom_model_data": 6425007 }, "model": "mechanization:assembly/unlimited_storage" },
		{ "predicate": { "custom_model_data": 6425008 }, "model": "mechanization:assembly/item_transmitter" },
		{ "predicate": { "custom_model_data": 6425009 }, "model": "mechanization:assembly/item_receiver" },
		
		{ "predicate": { "custom_model_data": 6425901 }, "model": "mechanization:assembly/ender_hopper_item" },
		{ "predicate": { "custom_model_data": 6425902 }, "model": "mechanization:assembly/speed_hopper_item" },
		{ "predicate": { "custom_model_data": 6425903 }, "model": "mechanization:assembly/item_transmitter_up" },
		{ "predicate": { "custom_model_data": 6425904 }, "model": "mechanization:assembly/item_transmitter_down" },
		{ "predicate": { "custom_model_data": 6425905 }, "model": "mechanization:assembly/item_receiver_up" },
		{ "predicate": { "custom_model_data": 6425906 }, "model": "mechanization:assembly/item_receiver_down" }
		
		
	]
}
