{
  "parent": "item/generated",
  "display": {
    "thirdperson_righthand": {
      "rotation": [
        -80.0,
        260.0,
        -40.0
      ],
      "translation": [
        -1.0,
        -2.0,
        2.5
      ],
      "scale": [
        0.9,
        0.9,
        0.9
      ]
    },
    "firstperson_lefthand": {
      "rotation": [
        0.0,
        90.0,
        -25.0
      ],
      "translation": [
        1.13,
        3.2,
        1.13
      ],
      "scale": [
        0.68,
        0.68,
        0.68
      ]
    },
    "thirdperson_lefthand": {
      "rotation": [
        -80.0,
        -280.0,
        40.0
      ],
      "translation": [
        -1.0,
        -2.0,
        2.5
      ],
      "scale": [
        0.9,
        0.9,
        0.9
      ]
    },
    "firstperson_righthand": {
      "rotation": [
        0.0,
        -90.0,
        25.0
      ],
      "translation": [
        1.13,
        3.2,
        1.13
      ],
      "scale": [
        0.68,
        0.68,
        0.68
      ]
    }
  },
  "textures": {
    "layer0": "item/bow"
  },
  "overrides": [
    {
      "predicate": {
        "pulling": 1
      },
      "model": "item/bow_pulling_0"
    },
    {
      "predicate": {
        "pull": 0.65,
        "pulling": 1
      },
      "model": "item/bow_pulling_1"
    },
    {
      "predicate": {
        "pull": 0.9,
        "pulling": 1
      },
      "model": "item/bow_pulling_2"
    },
    {
      "predicate": {
        "pulling": 1
      },
      "model": "item/bow_pulling_0"
    },
    {
      "predicate": {
        "pull": 0.65,
        "pulling": 1
      },
      "model": "item/bow_pulling_1"
    },
    {
      "predicate": {
        "pull": 0.9,
        "pulling": 1
      },
      "model": "item/bow_pulling_2"
    },
    {
      "predicate": {
        "custom_model_data": 1
      },
      "model": "origami-games:launch/item/verdant_bow"
    },
    {
      "predicate": {
        "pulling": 1,
        "custom_model_data": 1
      },
      "model": "origami-games:launch/item/verdant_bow_pulling_0"
    },
    {
      "predicate": {
        "pull": 0.65,
        "pulling": 1,
        "custom_model_data": 1
      },
      "model": "origami-games:launch/item/verdant_bow_pulling_1"
    },
    {
      "predicate": {
        "pull": 0.9,
        "pulling": 1,
        "custom_model_data": 1
      },
      "model": "origami-games:launch/item/verdant_bow_pulling_2"
    },
    {
      "predicate": {
        "custom_model_data": 420015
      },
      "model": "item/um/ds_bow"
    },
    {
      "predicate": {
        "pulling": 1,
        "custom_model_data": 420015
      },
      "model": "item/um/ds_bow_pulling_1"
    },
    {
      "predicate": {
        "pull": 0.9,
        "pulling": 1,
        "custom_model_data": 420015
      },
      "model": "item/um/ds_bow_pulling_2"
    },
    {
      "predicate": {
        "custom_model_data": 420016
      },
      "model": "item/um/ice_bow"
    },
    {
      "predicate": {
        "pulling": 1,
        "custom_model_data": 420016
      },
      "model": "item/um/ice_bow_pulling_1"
    },
    {
      "predicate": {
        "pull": 0.2,
        "pulling": 1,
        "custom_model_data": 420016
      },
      "model": "item/um/ice_bow_pulling_2"
    },
    {
      "predicate": {
        "custom_model_data": 420050
      },
      "model": "item/um/dragon_bow"
    },
    {
      "predicate": {
        "pulling": 1,
        "custom_model_data": 420050
      },
      "model": "item/um/dragon_bow_pulling_1"
    },
    {
      "predicate": {
        "pull": 0.9,
        "pulling": 1,
        "custom_model_data": 420050
      },
      "model": "item/um/dragon_bow_pulling_2"
    }
  ]
}