{
    "parent": "item/generated",
    "textures": {
        "layer0": "item/bread"
    },
    
    "overrides": [
            {"predicate": {"custom_model_data":5264005}, "model": "custom/edible/dough"},
            {"predicate": {"custom_model_data":5264007}, "model": "custom/edible/breadslices"},
            {"predicate": {"custom_model_data":5264008}, "model": "custom/edible/breadslice"},
            {"predicate": {"custom_model_data":5264011}, "model": "custom/edible/dough1"},
            {"predicate": {"custom_model_data":5264012}, "model": "custom/edible/piecrust"},
            {"predicate": {"custom_model_data":5264015}, "model": "custom/edible/pumpkin_pie_slices"},
            {"predicate": {"custom_model_data":5264016}, "model": "custom/edible/pumpkin_pie_slice"}
        ]
}
