{
    "parent": "item/generated",
    "textures": {
        "layer0": "item/brick"
    },
    
    "overrides": [
            {"predicate": {"custom_model_data":5263006}, "model": "custom/baseitem/brick_mold"},
            {"predicate": {"custom_model_data":5263007}, "model": "custom/baseitem/dark_chocolate_mold"},
            {"predicate": {"custom_model_data":5263008}, "model": "custom/baseitem/milk_chocolate_mold"},
            {"predicate": {"custom_model_data":5263009}, "model": "custom/baseitem/white_chocolate_mold"}
        ]
}
