{
    "parent": "item/generated",
    "textures": {
        "layer0": "item/brown_dye"
    },
    
    "overrides": [
            {"predicate": {"custom_model_data":5262010}, "model": "custom/coffee/seed"},
            {"predicate": {"custom_model_data":5263002}, "model": "custom/baseitem/cocoa_fruit"},
            {"predicate": {"custom_model_data":5263003}, "model": "custom/baseitem/fermented_cocoa"},
            {"predicate": {"custom_model_data":5263004}, "model": "custom/baseitem/roasted_cocoa"}
        ]
}
