{
  "parent": "item/handheld_rod",
  "textures": {
    "layer0": "item/carrot_on_a_stick"
  },
  "overrides": [
    {
      "predicate": {
        "custom_model_data": 420001
      },
      "model": "item/um/demon_head"
    },
    {
      "predicate": {
        "custom_model_data": 420002
      },
      "model": "item/um/demon_arm"
    },
    {
      "predicate": {
        "custom_model_data": 420004
      },
      "model": "item/um/ds_longsword_sheathed"
    },
    {
      "predicate": {
        "custom_model_data": 420005
      },
      "model": "item/um/ds_longsword"
    },
    {
      "predicate": {
        "custom_model_data": 420006
      },
      "model": "item/um/fire_orb"
    },
    {
      "predicate": {
        "custom_model_data": 420020
      },
      "model": "item/um/pit_lord_head"
    },
    {
      "predicate": {
        "custom_model_data": 420033
      },
      "model": "item/um/inspector"
    },
    {
      "predicate": {
        "custom_model_data": 420035
      },
      "model": "item/um/elemental_hand"
    },
    {
      "predicate": {
        "custom_model_data": 420036
      },
      "model": "item/um/elemental_head"
    },
    {
      "predicate": {
        "custom_model_data": 420045
      },
      "model": "item/um/blood_amalgam"
    },
    {
      "predicate": {
        "custom_model_data": 420046
      },
      "model": "item/um/blood_nodule"
    },
    {
      "predicate": {
        "custom_model_data": 420051
      },
      "model": "item/um/wither_bone"
    },
    {
      "predicate": {
        "custom_model_data": 420052
      },
      "model": "item/um/inferno_staff"
    },
    {
      "predicate": {
        "custom_model_data": 420053
      },
      "model": "item/um/blood_monolith_item"
    },
    {
      "predicate": {
        "custom_model_data": 420054
      },
      "model": "item/um/blood_monolith"
    },
    {
      "predicate": {
        "custom_model_data": 1700001
      },
      "model": "custom/item/gun_0"
    },
    {
      "predicate": {
        "custom_model_data": 1700002
      },
      "model": "custom/item/gun_1"
    },
    {
      "predicate": {
        "custom_model_data": 1700003
      },
      "model": "custom/item/gun_2"
    },
    {
      "predicate": {
        "custom_model_data": 1700004
      },
      "model": "custom/item/gun_3"
    },
    {
      "predicate": {
        "custom_model_data": 1706000
      },
      "model": "custom/item/bandage"
    },
    {
      "predicate": {
        "custom_model_data": 6421100
      },
      "model": "mechanization:base/wrench"
    },
    {
      "predicate": {
        "custom_model_data": 6421101
      },
      "model": "mechanization:base/multimeter"
    },
    {
      "predicate": {
        "custom_model_data": 6421102
      },
      "model": "mechanization:base/machine_upgrade"
    },
    {
      "predicate": {
        "custom_model_data": 6421103
      },
      "model": "mechanization:base/nether_upgrade"
    },
    {
      "predicate": {
        "custom_model_data": 6421104
      },
      "model": "mechanization:base/ender_upgrade"
    },
    {
      "predicate": {
        "custom_model_data": 6422019
      },
      "model": "mechanization:machines/spawner_controller"
    },
    {
      "predicate": {
        "custom_model_data": 6422200
      },
      "model": "mechanization:machines/spawner_mover"
    },
    {
      "predicate": {
        "custom_model_data": 6422201
      },
      "model": "mechanization:machines/spawner_mover_used"
    },
    {
      "predicate": {
        "custom_model_data": 6424100
      },
      "model": "mechanization:gadgets/iron_echo-locater"
    },
    {
      "predicate": {
        "custom_model_data": 6424101
      },
      "model": "mechanization:gadgets/diamond_echo-locater"
    },
    {
      "predicate": {
        "custom_model_data": 6424102
      },
      "model": "mechanization:gadgets/smg"
    },
    {
      "predicate": {
        "custom_model_data": 6424103
      },
      "model": "mechanization:gadgets/rifle"
    },
    {
      "predicate": {
        "custom_model_data": 6424104
      },
      "model": "mechanization:gadgets/pistol"
    },
    {
      "predicate": {
        "custom_model_data": 6424105
      },
      "model": "mechanization:gadgets/sniper_scope"
    },
    {
      "predicate": {
        "custom_model_data": 6424209
      },
      "model": "mechanization:gadgets/portable_battery_0"
    },
    {
      "predicate": {
        "custom_model_data": 6424210
      },
      "model": "mechanization:gadgets/portable_battery_1"
    },
    {
      "predicate": {
        "custom_model_data": 6424211
      },
      "model": "mechanization:gadgets/portable_battery_2"
    },
    {
      "predicate": {
        "custom_model_data": 6424212
      },
      "model": "mechanization:gadgets/portable_battery_3"
    },
    {
      "predicate": {
        "custom_model_data": 6424213
      },
      "model": "mechanization:gadgets/portable_battery_4"
    },
    {
      "predicate": {
        "custom_model_data": 6424214
      },
      "model": "mechanization:gadgets/portable_battery_5"
    },
    {
      "predicate": {
        "custom_model_data": 6424215
      },
      "model": "mechanization:gadgets/portable_battery_6"
    },
    {
      "predicate": {
        "custom_model_data": 6424216
      },
      "model": "mechanization:gadgets/portable_battery_7"
    },
    {
      "predicate": {
        "custom_model_data": 6424217
      },
      "model": "mechanization:gadgets/portable_battery_8"
    },
    {
      "predicate": {
        "custom_model_data": 6425100
      },
      "model": "mechanization:assembly/item_filter"
    },
    {
      "predicate": {
        "custom_model_data": 6425101
      },
      "model": "mechanization:assembly/disc_end_of_the_world"
    },
    {
      "predicate": {
        "custom_model_data": 6425102
      },
      "model": "mechanization:assembly/disc_hyperspace"
    },
    {
      "predicate": {
        "custom_model_data": 6425103
      },
      "model": "mechanization:assembly/disc_money_for_nothing"
    },
    {
      "predicate": {
        "custom_model_data": 6425104
      },
      "model": "mechanization:assembly/disc_wanderer"
    },
    {
      "predicate": {
        "custom_model_data": 6425105
      },
      "model": "mechanization:assembly/disc_stranger_think"
    }
  ]
}