{
  "parent": "item/handheld",
  "textures": {
    "layer0": "item/diamond_sword"
  },
  "overrides": [
    {
      "predicate": {
        "custom_model_data": 1
      },
      "model": "origami-games:launch/item/verdant_sword"
    },
    {
      "predicate": {
        "custom_model_data": 6424203
      },
      "model": "mechanization:gadgets/titanium_sword"
    },
    {
      "predicate": {
        "custom_model_data": 6424516
      },
      "model": "mechanization:gadgets/conductive_sword"
    },
    {
      "predicate": {
        "custom_model_data": 6424520
      },
      "model": "mechanization:gadgets/crystal_sword"
    }
  ]
}