{
  "parent": "item/handheld",
  "textures": {
    "layer0": "item/diamond_pickaxe"
  },
  "overrides": [
    {
      "predicate": {
        "custom_model_data": 1
      },
      "model": "origami-games:launch/item/verdant_pickaxe"
    },
    {
      "predicate": {
        "custom_model_data": 420037
      },
      "model": "item/um/carnage_1"
    },
    {
      "predicate": {
        "custom_model_data": 420038
      },
      "model": "item/um/carnage_2"
    },
    {
      "predicate": {
        "custom_model_data": 420039
      },
      "model": "item/um/carnage_3"
    },
    {
      "predicate": {
        "custom_model_data": 6424200
      },
      "model": "mechanization:gadgets/titanium_pickaxe"
    },
    {
      "predicate": {
        "custom_model_data": 6424521
      },
      "model": "mechanization:gadgets/crystal_pickaxe"
    }
  ]
}