{
  "parent": "item/handheld",
  "textures": {
    "layer0": "item/diamond_shovel"
  },
  "overrides": [
    {
      "predicate": {
        "custom_model_data": 1
      },
      "model": "origami-games:launch/item/verdant_shovel"
    },
    {
      "predicate": {
        "custom_model_data": 6424202
      },
      "model": "mechanization:gadgets/titanium_shovel"
    },
    {
      "predicate": {
        "custom_model_data": 6424523
      },
      "model": "mechanization:gadgets/crystal_shovel"
    }
  ]
}