{
  "parent": "item/generated",
  "textures": {
    "layer0": "custom/item/cardboard_box"
  },
  "overrides": [
    {
      "predicate": {
        "custom_model_data": 5261010
      },
      "model": "custom/plant/coffee/growth_0"
    },
    {
      "predicate": {
        "custom_model_data": 5261011
      },
      "model": "custom/plant/coffee/growth_1"
    },
    {
      "predicate": {
        "custom_model_data": 5261012
      },
      "model": "custom/plant/coffee/growth_2"
    },
    {
      "predicate": {
        "custom_model_data": 5261020
      },
      "model": "custom/plant/gossypium/growth_0"
    },
    {
      "predicate": {
        "custom_model_data": 5261021
      },
      "model": "custom/plant/gossypium/growth_1"
    },
    {
      "predicate": {
        "custom_model_data": 5261022
      },
      "model": "custom/plant/gossypium/growth_2"
    },
    {
      "predicate": {
        "custom_model_data": 5261023
      },
      "model": "custom/plant/gossypium/growth_3"
    },
    {
      "predicate": {
        "custom_model_data": 5261024
      },
      "model": "custom/plant/gossypium/harvested_0"
    },
    {
      "predicate": {
        "custom_model_data": 5261025
      },
      "model": "custom/plant/gossypium/harvested_1"
    },
    {
      "predicate": {
        "custom_model_data": 5261030
      },
      "model": "custom/plant/lettuce/growth_0"
    },
    {
      "predicate": {
        "custom_model_data": 5261031
      },
      "model": "custom/plant/lettuce/growth_1"
    },
    {
      "predicate": {
        "custom_model_data": 5261032
      },
      "model": "custom/plant/lettuce/growth_2"
    },
    {
      "predicate": {
        "custom_model_data": 5261033
      },
      "model": "custom/plant/lettuce/growth_3"
    },
    {
      "predicate": {
        "custom_model_data": 5261040
      },
      "model": "custom/plant/tomato/growth_0"
    },
    {
      "predicate": {
        "custom_model_data": 5261041
      },
      "model": "custom/plant/tomato/growth_1"
    },
    {
      "predicate": {
        "custom_model_data": 5261042
      },
      "model": "custom/plant/tomato/growth_2"
    },
    {
      "predicate": {
        "custom_model_data": 5261043
      },
      "model": "custom/plant/tomato/growth_3"
    },
    {
      "predicate": {
        "custom_model_data": 5269999
      },
      "model": "custom/block/blender"
    }
  ]
}