{
  "parent": "item/generated",
  "textures": {
    "layer0": "item/written_book"
  },
  "overrides": [
    {
      "predicate": {
        "custom_model_data": 5263010
      },
      "model": "custom/baseitem/guide_book_0"
    },
    {
      "predicate": {
        "custom_model_data": 5263011
      },
      "model": "custom/baseitem/guide_book_1"
    },
    {
      "predicate": {
        "custom_model_data": 5263012
      },
      "model": "custom/baseitem/guide_book_2"
    },
    {
      "predicate": {
        "custom_model_data": 5263013
      },
      "model": "custom/baseitem/guide_book_3"
    },
    {
      "predicate": {
        "custom_model_data": 5263014
      },
      "model": "custom/baseitem/guide_book_4"
    },
    {
      "predicate": {
        "custom_model_data": 6421105
      },
      "model": "mechanization:base/manual"
    }
  ]
}